Date,Activity Name,Category,Location,Phone Number,Website,Description,Best Season
2026-03-15,Dublin Heritage Park & Museums,Walking,"Dublin Heritage Park & Museums, 6600 Donlon Way, Dublin, CA",(925) 833-6645,dublin.ca.gov,"Historic gardens and restored farm buildings with walking paths and picnic spots",Year-round
2026-03-16,Fallon Sports Park Cycling,Cycling,"Fallon Sports Park, 5801 Central Pkwy, Dublin, CA",(925) 556-4500,dublin.ca.gov/parks-recreation,"Large sports complex with paved paths for family cycling and casual rides",Year-round
2026-03-17,Dublin Hills Regional Park Hike,Hiking,"Dublin Hills Regional Park, Horseshoe Ridge Trail, Dublin, CA",(888) 327-2757,ebparks.org,"Scenic ridge trails with bay views and open grasslands",Spring-Fall
2026-03-18,Shadow Cliffs Paddleboarding,Water Sports,"Shadow Cliffs Regional Recreation Area, Pleasanton, CA",(925) 931-3470,ebparks.org,"Calm lake ideal for stand-up paddleboarding and family swims",Spring-Summer
2026-03-19,Iron Horse Trail Ride,Walking & Cycling,"Iron Horse Regional Trail (Dublin segment)",(925) 452-5000,ironhorse.org,"Long multi-use trail connecting Dublin to surrounding communities",Year-round
2026-03-20,Alameda Creek Trail Running,Running,"Alameda Creek Regional Trail (near Dublin)",(925) 803-5191,ebparks.org,"Flat, scenic trail along the creek for long runs and birdwatching",Year-round
2026-03-21,Emerald Glen Park Picnic,Picnicking,"Emerald Glen Park, 4201 Central Pkwy, Dublin, CA",(925) 556-4500,dublin.ca.gov,"Large family-friendly park with lake, playgrounds, and picnic areas",Year-round
2026-03-22,Concannon Vineyard Walk,Winery Tours,"Concannon Vineyard, Livermore, CA",(925) 447-2266,concannonvineyards.com,"Vineyard tours and outdoor tastings in the Livermore Valley",Spring-Fall
2026-03-23,Dublin Farmers Market Visit,Family Activities,"Dublin Farmers' Market at Dublin Civic Center, 100 Civic Plaza, Dublin, CA",(925) 556-4500,dublinfarmersmarket.org,"Weekly outdoor market with local produce, food stalls, and live music",Spring-Fall
2026-03-24,Valley Trails Mountain Biking,Mountain Biking,"Dublin Hills singletrack areas",(925) 803-5271,dublintrails.org,"Network of informal singletrack and rolling climbs for mountain bikers",Spring-Fall
2026-03-25,Shadow Cliffs Fishing,Fishing,"Shadow Cliffs Lake, Pleasanton, CA",(925) 931-3470,ebparks.org,"Fishing and shoreline access in a family-friendly park",Spring-Summer
2026-03-26,Hike to Black Mountain,Hiking,"Black Mountain (nearby ridge)",(925) 803-5271,dublinhiking.org,"Moderate hike with panoramic views over the Tri-Valley",Spring-Fall
2026-03-27,Outdoor Yoga at Fallon,Outdoor Fitness,"Fallon Sports Park Lawn, Dublin, CA",(925) 556-4500,dublinfitness.org,"Community-led outdoor yoga sessions on the park lawn",Spring-Summer
2026-03-28,Pleasanton Ridge Trail Walk,Walking,"Pleasanton Ridge Regional Park (near Dublin)",(925) 931-3470,ebparks.org,"Ridge walks with wildflower displays and bay views",Spring
2026-03-29,Kayak the Alameda Creek,Water Sports,"Alameda Creek launch areas",(925) 803-5191,alamedacreek.org,"Guided kayak launches and community paddles along calm creek stretches",Spring-Summer
2026-03-30,Stoneridge Shopping Walk,Walking,"Stoneridge Shopping Center perimeter walk (Pleasanton/Dublin area)",(925) 846-6800,stoneridge.com,"Convenient urban walking routes and outdoor dining options",Year-round
2026-03-31,Family Biking at Emerald Glen,Cycling,"Emerald Glen Park bike loop",(925) 556-4500,dublin.ca.gov,"Easy bike loops perfect for families and young riders",Year-round
2026-04-01,Dog-friendly Trails at Tassajara,Walking,"Tassajara Park trails (nearby)",(925) 640-1700,tassajara.org,"Local off-leash sections and dog-friendly walking trails",Year-round
2026-04-02,Livermore Wineries Day Trip,Sightseeing,"Multiple vineyards in Livermore Valley",(925) 447-2467,visitlivermore.com,"Scenic drives and outdoor winery patios for tastings",Spring-Fall
2026-04-03,Dublin Civic Plaza Events,Family Activities,"Dublin Civic Plaza (100 Civic Plaza)",(925) 556-4500,dublin.ca.gov/events,"Seasonal outdoor events, concerts, and community gatherings",Year-round
